function name,avg time,std dev
look_and_say_sequence,2.5627196666666667,1.22722905631603
count_words_dictionary,0.787614,0.11888565832765531
count_words_set,0.9739423333333334,0.06045765844236223
iterative_fibonacci,5.666666666666667e-06,3.7859388972001827e-06
recursive_fibonacci,0.123162,0.026588927075006243
iterative_fibonacci,5.3333333333333345e-06,3.2145502536643186e-06
recursive_fibonacci,9.624101666666666,0.13737188687767699
